Workbook

Sheet 🗂️ Configuración
A1: 🗂️ EXPEDIENTE DEL DETECTIVE — Datos del Agente
A3: Completa tus datos antes de empezar el caso. Esto identifica tu trabajo para tu profesor(a).
B4: Nombre completo
B5: DNI
B6: Grado y sección
B8: Curso | C8: EST1_2026
B9: Notebook | C9: sheets_caso1_semana1
A10: (Curso y Notebook son fijos — identifican este caso para la base de datos. No los edites.)
A12: =IF(AND(C4<>"",C5<>"",C6<>""),"✅ Listo, agente. Puedes ir a la pestaña 🧩 Tu Caso.","⚠️ Falta completar Nombre, DNI o Grado antes de empezar.") -> ⚠️ Falta completar Nombre, DNI o Grado antes de empezar.

Sheet 📁 Instrucciones
A1: 🕵️ CASO N.º 1 — Abriendo el Caso — Semana 1
A4: "Dos tesoreros de la Kermés cuentan el mismo montón de boletos vendidos. Uno dice que se vendieron 68. El otro dice 60. Ninguno mintió, ninguno se equivocó al sumar. ¿Cómo es posible?"
A6: "Te acaba de llegar el primer caso de la Agencia. La evidencia está desordenada, con duplicados, ventas canceladas y espacios vacíos — antes de poder calcular nada con confianza, tu primer trabajo como detective es poner la evidencia en orden."
A8: "Al final de hoy vas a confiar en cuántos boletos se vendieron cada día. El total general te lo confirma la próxima sesión con una fórmula nueva."
A11: 🪜 Los 4 pasos de esta sesión
A12: 1. Revisar la evidencia — mirar el expediente crudo, tal como llegó (pestaña 📊 Datos).
A13: 2. Limpiar el caso — arreglar duplicados, texto inconsistente y datos faltantes.
A14: 3. Filtrar por día — aislar solo la evidencia de un día y leer el subtotal.
A15: 4. Reto bonus — un desafío extra, sin fórmulas nuevas.
A17: 🕹️ Cómo funciona esta hoja
A18: • Empieza en 🗂️ Configuración y escribe tu nombre, DNI y grado.
A19: • La pestaña 📊 Datos es tu expediente — ahí edita, borra filas y aplica filtros.
... A22: • Algunas tareas (como dar formato) las revisa tu profesor(a) — ahí verás una casilla en vez de una respuesta.

Sheet 🔎 Ejemplo Resuelto
A1: 🔎 Ejemplo Resuelto
A4: 🗣️ Preguntas guía — para conversar en clase (no se califica)
A5: 1 | B5: ¿Cuántas filas hay en total? ¿Todas son ventas reales?
A6: 2 | B6: Miren la fila de Milagros Guerra — ¿por qué no deberíamos contarla?
A7: 3 | B7: Tomás Effio aparece dos veces con exactamente los mismos datos — ¿qué significa eso?
A8: 4 | B8: La columna Día tiene 'Viernes', 'viernes' y 'VIERNES' — ¿son iguales para una computadora?
A9: 5 | B9: Nadia Chumpitaz no tiene número de Boletos — ¿qué deberíamos hacer antes de asumir un valor?
A10: 6 | B10: Si aplicamos un filtro para ver solo 'Sábado', ¿qué le pasa a las demás filas: desaparecen o solo se esconden?
A12: 🗂️ Evidencia de ejemplo — El Bazar Escolar
A13: Comprador | B13: Boletos | C13: Día | D13: Estado
A14: Tomás Effio | B14: 4 | C14: Viernes | D14: Válido
A15: Lucía Bravo | B15: 3 | C15: sábado | D15: Válido
A16: Ricardo Soto | B16: 5 | C16: VIERNES | D16: Válido
A17: Nadia Chumpitaz | C17: Sábado | D17: Válido
A18: Bruno Alania | B18: 4 | C18: viernes | D18: Válido
A19: Ximena Delgado | B19: 3 | C19: Sábado | D19: Válido
A20: Tomás Effio | B20: 4 | C20: Viernes | D20: Válido
A21: Milagros Guerra | B21: 12 | C21: Sábado | D21: Cancelado

Sheet 📊 Datos
A1: 📊 EXPEDIENTE — Evidencia Cruda del Caso 1
A3: Esta es tu área de trabajo: edita, borra filas y aplica filtros aquí directamente. Tus respuestas en 🧩 Tu Caso se revisan contra lo que hagas en esta pestaña.
A4: Comprador | B4: Boletos | C4: Día | D4: Estado
A5: Bruno Alania | C5: SABADO | D5: Válido
A6: Sebastián Cusicanqui | B6: 6 | C6: viernes | D6: Válido
A7: Camila Chumpitaz | C7: SABADO | D7: Válido
A8: María Palomino | C8: Sábado | D8: Válido
A9: Ximena Mamani | B9: 3 | C9: VIERNES | D9: Válido
A10: Joaquín Bravo | B10: 4 | C10: VIERNES | D10: Válido
A11: Andrés Mamani | B11: 4 | C11: Viernes | D11: Válido
A12: Luis Huamán | C12: Viernes | D12: Válido
A13: Diego Cusicanqui | B13: 3 | C13: Viernes | D13: Válido
A14: Valeria Zevallos | B14: 13 | C14: SÁBADO | D14: Cancelado
A15: Gabriela Salas | C15: VIERNES | D15: Válido
A16: Valeria Soto | B16: 4 | C16: viernes | D16: Válido
A17: Ana Quispe | B17: 3 | C17: SABADO | D17: Válido
A18: Luis Vargas | B18: 6 | C18: sabado | D18: Válido
A19: Lucía Flores | B19: 4 | C19: Viernes | D19: Válido
A20: Iván Mamani | B20: 3 | C20: sabado | D20: Válido
A21: Milagros Paz | B21: 3 | C21: Viernes | D21: Válido
A22: Milagros Bravo | B22: 4 | C22: sabado | D22: Válido
A23: Sofía Mamani | B23: 6 | C23: sabado | D23: Válido
A24: Mateo Delgado | B24: 2 | C24: viernes | D24: Válido
A25: Ximena Soto | B25: 2 | C25: VIERNES | D25: Válido
A26: Sebastián Cusi | C26: Viernes | D26: Válido
A27: Camila Huamán | B27: 6 | C27: Sábado | D27: Válido
A28: Tomás Rojas | B28: 2 | C28: Viernes | D28: Válido
A29: Joaquín Bravo | B29: 4 | C29: VIERNES | D29: Válido
A30: Valeria Flores | B30: 5 | C30: Viernes | D30: Válido
A31: Ana Alania | B31: 4 | C31: VIERNES | D31: Válido
A32: Ricardo Bravo | B32: 2 | C32: VIERNES | D32: Válido
A33: Sebastián Flores | B33: 4 | C33: SÁBADO | D33: Válido
A34: Rosa Torres | B34: 5 | C34: Viernes | D34: Válido
A35: Iván Rojas | B35: 6 | C35: Sábado | D35: Válido
A36: Fernando Huamán | B36: 3 | C36: SABADO | D36: Válido
A37: Estefanía Ninahuanca | B37: 5 | C37: Viernes | D37: Válido
A38: Lucía Mamani | C38: viernes | D38: Válido
A39: Milagros Flores | B39: 2 | C39: Sábado | D39: Válido
A40: Milagros Guerra | B40: 2 | C40: Viernes | D40: Válido
A41: Lucía Contreras | B41: 2 | C41: Viernes | D41: Válido
A42: Estefanía Delgado | B42: 2 | C42: sabado | D42: Válido
A43: María Guerra | B43: 6 | C43: SABADO | D43: Válido
A44: Andrés Contreras | B44: 9 | C44: Viernes | D44: Cancelado
A45: Jorge Zevallos | B45: 5 | C45: viernes | D45: Válido
A46: Andrés Mamani | B46: 4 | C46: Viernes | D46: Válido
A47: Fernando Yupanqui | B47: 2 | C47: sabado | D47: Válido
A48: Mateo Cusicanqui | B48: 5 | C48: Viernes | D48: Válido
A49: Daniela Salas | B49: 6 | C49: SÁBADO | D49: Válido
A50: Estefanía Alania | B50: 4 | C50: Sábado | D50: Válido
... A53: Karla Huamán | B53: 15 | C53: SABADO | D53: Cancelado
A54: Fernando Rojas | C54: SABADO | D54: Válido
A55: Renzo Soto | B55: 5 | C55: viernes | D55: Válido
A56: Karla Zevallos | B56: 13 | C56: VIERNES | D56: Cancelado
A57: Lucía Ninahuanca | C57: VIERNES | D57: Válido
A58: Fernando Chumpitaz | B58: 6 | C58: sábado | D58: Válido
A59: Fernando Alania | C59: Sábado | D59: Válido
A60: Fernando Aliaga | B60: 2 | C60: Sábado | D60: Válido
A61: Estefanía Zevallos | B61: 3 | C61: SABADO | D61: Válido
A62: Nadia Salas | B62: 2 | C62: Sábado | D62: Válido
A63: Estefanía Delgado | B63: 2 | C63: sabado | D63: Válido
A64: Valeria Delgado | B64: 3 | C64: viernes | D64: Válido
A65: Sofía Soto | B65: 2 | C65: SABADO | D65: Válido
A66: Milagros Cusi | B66: 2 | C66: viernes | D66: Válido
A67: Luis Cusicanqui | B67: 3 | C67: VIERNES | D67: Válido
A68: Valeria Ponce | B68: 4 | C68: sabado | D68: Válido
A69: Bruno Salas | B69: 3 | C69: viernes | D69: Válido
A70: Diego Rojas | B70: 4 | C70: sabado | D70: Válido
A71: Pedro Alania | B71: 2 | C71: VIERNES | D71: Válido
... A75: Andrés Torres | B75: 3 | C75: Sábado | D75: Válido
A76: Jorge Palomino | C76: VIERNES | D76: Válido
A77: Lucía Ccahuana | B77: 3 | C77: VIERNES | D77: Válido
A78: Iván Mamani | B78: 3 | C78: sabado | D78: Válido
A79: Ana Torres | B79: 6 | C79: Sábado | D79: Válido
A80: Ana Guerra | B80: 3 | C80: SÁBADO | D80: Válido
A81: Jorge Rojas | B81: 5 | C81: sábado | D81: Válido
A82: Ana Quispe | B82: 3 | C82: SABADO | D82: Válido
A83: Mateo Bravo | B83: 5 | C83: sábado | D83: Válido
A84: Fernando Palomino | B84: 5 | C84: Viernes | D84: Válido
A85: Diego Ninahuanca | B85: 6 | C85: sábado | D85: Válido
A86: Renzo Quispe | B86: 3 | C86: Viernes | D86: Válido
A87: Tomás Palomino | B87: 2 | C87: VIERNES | D87: Válido
A88: Ximena Effio | B88: 2 | C88: Viernes | D88: Válido
... A94: Ana Zevallos | B94: 5 | C94: VIERNES | D94: Válido
A95: Lucía Soto | C95: VIERNES | D95: Válido
A96: Luis Ccahuana | B96: 5 | C96: VIERNES | D96: Válido
A97: Daniela Alania | B97: 8 | C97: SABADO | D97: Cancelado
A98: María Ccahuana | B98: 4 | C98: SÁBADO | D98: Válido
A99: Jorge Rojas | B99: 5 | C99: sábado | D99: Válido
A100: Milagros Ríos | B100: 4 | C100: SÁBADO | D100: Válido
A101: Karla Yupanqui | B101: 2 | C101: Viernes | D101: Válido
A102: Ana Delgado | B102: 14 | C102: sabado | D102: Cancelado
A103: Andrés Paz | B103: 6 | C103: SABADO | D103: Válido
A104: Joaquín López | B104: 3 | C104: sábado | D104: Válido
A105: Valeria Soto | B105: 4 | C105: viernes | D105: Válido
A106: Sofía Bravo | B106: 5 | C106: Viernes | D106: Válido
A107: Ximena Soto | B107: 2 | C107: VIERNES | D107: Válido
... A112: Tomás Rojas | B112: 2 | C112: Viernes | D112: Válido

Sheet 🧩 Tu Caso
A1: 🧩 CASO N.º 1 — Tu Expediente de Trabajo | G1: ⚡ XP TOTAL
G2: =B67 -> 0
A4: =IF(AND('🗂️ Configuración'!C4<>"",'🗂️ Configuración'!C5<>"",'🗂️ Configuración'!C6<>""),"✅ Expediente identificado: "&'🗂️ Configuración'!C4&" — puedes empezar.","⚠️ Ve a 🗂️ Configuración y completa tu nombre, DNI y grado antes de empezar.") -> ⚠️ Ve a 🗂️ Configuración y completa tu nombre, DNI y grado antes de empezar.
A6: 🔎 SECCIÓN 1 — Revisar la Evidencia (20 XP)
A7: Clave | B7: Instrucción | C7: Tu respuesta | D7: Resultado
A8: ex1 | B8: Sin editar nada todavía: ve a 📊 Datos y cuenta — ¿cuántas filas de evidencia llegaron? (no cuentes el encabezado) (+5 XP) | D8: =IF(C8="","–",IF(IFERROR(VALUE(C8)='🔒 Clave'!B2,FALSE),"✓ +5 XP","✗ revisa")) -> – | E8: =IF(LEFT(D8,1)="✓",5,0) -> 0
A9: ex2 | B9: ¿Cuántas columnas/pistas tiene el caso? (+5 XP) | D9: =IF(C9="","–",IF(IFERROR(VALUE(C9)='🔒 Clave'!B3,FALSE),"✓ +5 XP","✗ revisa")) -> – | E9: =IF(LEFT(D9,1)="✓",5,0) -> 0
A10: t1 | B10: En 📊 Datos, cada FILA representa: a) una columna de datos, b) un boleto vendido (una pieza de evidencia), c) el nombre de la Agencia, d) el precio total (+5 XP) | D10: =IF(C10="","–",IF(IFERROR(EXACT(LOWER(C10),LOWER('🔒 Clave'!B5)),FALSE),"✓ +5 XP","✗ revisa")) -> – | E10: =IF(LEFT(D10,1)="✓",5,0) -> 0
A11: debug1 | B11: Un compañero ficticio contó 109 filas de evidencia — contó el encabezado dos veces. ¿Cuántas filas hay en realidad? (+5 XP) | D11: =IF(C11="","–",IF(IFERROR(VALUE(C11)='🔒 Clave'!B4,FALSE),"✓ +5 XP","✗ revisa")) -> – | E11: =IF(LEFT(D11,1)="✓",5,0) -> 0
A13: 🧹 SECCIÓN 2 — Limpiar el Caso (40 XP)
A14: Clave | B14: Instrucción | C14: Tu respuesta | D14: Resultado
A15: 🧹 LIMPIEZA — duplicados, texto inconsistente y vacíos
A16: Un duplicado exacto tiene el mismo Comprador, Boletos y Día repetidos dos veces.
A17: 'VIERNES' y 'viernes' significan lo mismo para una persona, pero no para una computadora — hay que escribirlo exactamente igual en toda la columna.
A18: Antes de asumir un valor vacío, investiga: pregunta, no adivines.
A19: 🔑 Duplicado exacto = mismo Comprador + mismo Boletos + mismo Día
A21: ex3 | B21: En 📊 Datos, pon en negrita la fila de encabezados y agrégale bordes. Marca la casilla cuando termines — tu profesor(a) revisa el formato. (+5 XP) | D21: =IF(C21=TRUE,"👀 revisión →","⏳ pendiente") -> ⏳ pendiente
A22: ex4 | B22: En 📊 Datos, elimina las filas duplicadas exactas Y las filas Canceladas. Al terminar deberían quedar exactamente 90 filas válidas. (+10 XP) | C22: — se revisa solo — | D22: =IF(AND(COUNTIF('📊 Datos'!D5:D112,"Cancelado")=0,COUNTA('📊 Datos'!A5:A112)=90),"✓ +10 XP","✗ revisa") -> ✗ revisa | E22: =IF(LEFT(D22,1)="✓",10,0) -> 0
A23: ex5 | B23: En 📊 Datos, estandariza la columna Día a exactamente 'Viernes' o 'Sábado' (sin mayúsculas irregulares tipo VIERNES, sábado, SABADO). (+10 XP) | C23: — se revisa solo — | D23: =IF(AND(COUNTA('📊 Datos'!A5:A112)=90,COUNTIF('📊 Datos'!C5:C112,"Viernes")+COUNTIF('📊 Datos'!C5:C112,"Sábado")=90),"✓ +10 XP","✗ revisa") -> ✗ revisa | E23: =IF(LEFT(D23,1)="✓",10,0) -> 0
A24: ex6 | B24: Nueva pista: la Agencia encontró los boletos que faltaban (ver la tabla de pistas más abajo). Complétalos en 📊 Datos. (+10 XP) | C24: — se revisa solo — | D24: =IF(AND(SUMPRODUCT(('📊 Datos'!A5:A112<>"")*('📊 Datos'!B5:B112=""))=0,SUM('📊 Datos'!B5:B112)=324),"✓ +10 XP","✗ revisa") -> ✗ revisa | E24: =IF(LEFT(D24,1)="✓",10,0) -> 0
A25: t2 | B25: Una celda de Boletos está vacía. ¿Qué deberías hacer? a) Borrar la fila, b) Asumir que es 0, c) Investigar antes de asumir, d) Poner el promedio del resto (+5 XP) | D25: =IF(C25="","–",IF(IFERROR(EXACT(LOWER(C25),LOWER('🔒 Clave'!B6)),FALSE),"✓ +5 XP","✗ revisa")) -> – | E25: =IF(LEFT(D25,1)="✓",5,0) -> 0
A26: check_mini_b | B26: 🔒 Checkpoint: completa ex4 + ex5 + ex6 + t2 antes de pasar a la Sección 3.
A28: 🕵️ Nueva pista — boletos que la Agencia encontró
A29: Comprador | B29: Boletos
A30: Gabriela Salas | B30: 5
A31: Camila Chumpitaz | B31: 2
A32: Lucía Ninahuanca | B32: 4
A33: Bruno Alania | B33: 2
A34: Sebastián Cusi | B34: 2
A35: Lucía Soto | B35: 2
A36: Fernando Alania | B36: 3
A37: María Palomino | B37: 3
A38: Lucía Mamani | B38: 2
A39: Jorge Palomino | B39: 2
A40: Luis Huamán | B40: 3
A41: Fernando Rojas | B41: 3
A43: — Fin de la Recepción y Limpieza —
A45: 🔍 SECCIÓN 3 — Filtrar por Día (35 XP)
A46: Clave | B46: Instrucción | C46: Tu respuesta | D46: Resultado
A47: 🔍 FILTRO — cómo verlo por partes
A48: Datos → Crear un filtro te deja mostrar solo las filas que cumplen una condición (por ejemplo, Día = Sábado).
A49: La barra de estado (abajo a la derecha de Sheets) muestra Suma/Cuenta de las celdas visibles que selecciones.
A50: Las filas escondidas por el filtro no desaparecen — solo se ocultan temporalmente.
A51: 🛠️ Datos → Crear un filtro | Barra de estado = Suma / Cuenta en vivo
A53: ex9 | B53: En 📊 Datos, aplica un filtro (Datos → Crear un filtro) mostrando solo Día = 'Sábado'. Deberían quedar 42 filas visibles. Marca la casilla cuando lo hayas hecho. (+5 XP) | C53: FALSE | D53: =IF(C53=TRUE,"👀 revisión →","⏳ pendiente") -> ⏳ pendiente
A54: ex10 | B54: Con el filtro de Sábado activo, selecciona toda la columna Boletos (solo celdas visibles) y mira la barra inferior donde dice 'Suma: ___'. Escribe ese número. (+10 XP) | D54: =IF(C54="","–",IF(IFERROR(VALUE(C54)=(SUMIFS('📊 Datos'!B5:B112,'📊 Datos'!C5:C112,"Sábado")),FALSE),"✓ +10 XP","✗ revisa")) -> – | E54: =IF(LEFT(D54,1)="✓",10,0) -> 0
A55: ex11 | B55: Repite el filtro para Viernes y anota el subtotal de la misma forma. (+10 XP) | D55: =IF(C55="","–",IF(IFERROR(VALUE(C55)=(SUMIFS('📊 Datos'!B5:B112,'📊 Datos'!C5:C112,"Viernes")),FALSE),"✓ +10 XP","✗ revisa")) -> – | E55: =IF(LEFT(D55,1)="✓",10,0) -> 0
A56: t3 | B56: Si sumas los dos subtotales que acabas de calcular (Viernes + Sábado), ¿qué deberías obtener? a) Un número distinto cada vez que lo intentes, b) El total general de boletos vendidos, c) El precio por boleto, d) La cantidad de días de venta (+10 XP) | D56: =IF(C56="","–",IF(IFERROR(EXACT(LOWER(C56),LOWER('🔒 Clave'!B7)),FALSE),"✓ +10 XP","✗ revisa")) -> – | E56: =IF(LEFT(D56,1)="✓",10,0) -> 0
A57: check_mini_d | B57: 🔒 Checkpoint: completa ex9 + ex10 + ex11 + t3 para desbloquear 'Enviar para calificar'.
A59: 🎁 RETO BONUS (no cuenta al puntaje base)
A60: Clave | B60: Instrucción | C60: Tu respuesta | D60: Resultado
A61: reto1 | B61: Sin usar SUMA() ni ninguna fórmula nueva: comparando los subtotales que ya calculaste, ¿qué día vendió más boletos? (+10 XP) | D61: =IF(C61="","–",IF(EXACT(C61,IF(SUMIFS('📊 Datos'!B5:B112,'📊 Datos'!C5:C112,"Viernes")=SUMIFS('📊 Datos'!B5:B112,'📊 Datos'!C5:C112,"Sábado"),"Empate",IF(SUMIFS('📊 Datos'!B5:B112,'📊 Datos'!C5:C112,"Viernes")>SUMIFS('📊 Datos'!B5:B112,'📊 Datos'!C5:C112,"Sábado"),"Viernes","Sábado"))),"✓ +10 XP","✗ revisa")) -> – | E61: =IF(LEFT(D61,1)="✓",10,0) -> 0
A63: 📤 RESUMEN PARA ENVIAR
A64: Agente | B64: ='🗂️ Configuración'!C4 -> 0 | D64: DNI | E64: ='🗂️ Configuración'!C5 -> 0
A65: Grado | B65: ='🗂️ Configuración'!C6 -> 0 | D65: XP autocalificado | E65: =SUM(E8,E9,E10,E11,E22,E23,E24,E25,E54,E55,E56) -> 0
A66: XP revisión profesor(a) | B66: =SUM(E21,E53) -> 0 | D66: XP Bonus | E66: =E61 -> 0
A67: XP Total (con bonus) | B67: =SUM(E8,E9,E10,E11,E22,E23,E24,E25,E54,E55,E56)+SUM(E21,E53)+E61 -> 0
A69: 📤 ENVIAR PARA CALIFICAR
A70: Nota de build: este es un marcador visual. El disparo real (Apps Script + payload de la API) queda pendiente de diseño por ATLAS.

Sheet 🔒 Clave
A1: clave | B1: valor
A2: ex1 | B2: 108
A3: ex2 | B3: 4
A4: debug1 | B4: 108
A5: t1 | B5: b
A6: t2 | B6: c
A7: t3 | B7: b
A8: ex4_target_count | B8: 90
A9: ex6_target_sum | B9: 324
